<?xml version="1.0" encoding="UTF-8"?>
<data>
<togel>
  <type>SG 45</type>
  <date>13/Apr/2017 (Thu)</date>
  <result>8061</result>
</togel>
<togel>
  <type>SG 4D</type>
  <date>12/Apr/2017 (Wed)</date>
  <result>8393</result>
</togel>
<togel>
  <type>SG 49</type>
  <date>13/Apr/2017 (Thu)</date>
  <result>5958</result>
</togel>
<togel>
  <type>KL 4D</type>
  <date>12/Apr/2017 (Wed)</date>
  <result>0646</result>
</togel>
<togel>
  <type>KL TOTO</type>
  <date>11/Apr/2017 (Tue)</date>
  <result>5037</result>
</togel>
<togel>
  <type>HK 4D</type>
  <date>12/Apr/2017 (Wed)</date>
  <result>9844</result>
</togel>
<togel>
  <type>HK TOTO</type>
  <date>13/Apr/2017 (Thu)</date>
  <result>4638</result>
</togel>
</data>
